{
  "export_timestamp": "2026-02-16T08:35:56.627005",
  "numpy_version": "2.4.2",
  "device_parameters": {
    "device_name": "ibmq_manila",
    "device_type": "superconducting_transmon",
    "num_qubits": 5,
    "connectivity": "linear",
    "coupling_map": [
      [
        0,
        1
      ],
      [
        1,
        0
      ],
      [
        1,
        2
      ],
      [
        2,
        1
      ],
      [
        2,
        3
      ],
      [
        3,
        2
      ],
      [
        3,
        4
      ],
      [
        4,
        3
      ]
    ],
    "T1": 0.000105,
    "T1_per_qubit": [
      0.00011,
      0.000105,
      9.5e-05,
      0.000115,
      0.0001
    ],
    "T2": 0.000116,
    "T2_per_qubit": [
      0.000125,
      0.000115,
      0.0001,
      0.00013,
      0.00011
    ],
    "single_qubit_error": 0.00038,
    "single_qubit_error_per_qubit": [
      0.0003,
      0.0004,
      0.0003,
      0.0005,
      0.0004
    ],
    "cnot_error_mean": 0.00955,
    "cnot_errors": {
      "(0,1)": 0.0085,
      "(1,2)": 0.0095,
      "(2,3)": 0.011,
      "(3,4)": 0.0092
    },
    "readout_error_per_qubit": [
      0.024,
      0.0315,
      0.028,
      0.0195,
      0.0265
    ],
    "readout_error_mean": 0.0259,
    "gate_duration_h": 5.0000000000000004e-08,
    "gate_duration_x": 5.0000000000000004e-08,
    "gate_duration_z": 5.0000000000000004e-08,
    "gate_duration_cnot": 3.0000000000000004e-07,
    "measurement_duration": 2.0000000000000003e-06,
    "gate_duration_single_ns": 50,
    "gate_duration_cnot_ns": 300,
    "measurement_duration_ns": 2000,
    "zz_coupling": {
      "(0,1)": -125000,
      "(1,2)": -98000,
      "(2,3)": -115000,
      "(3,4)": -110000
    },
    "leakage_single": 0.0005,
    "leakage_cnot": 0.005,
    "one_over_f_alpha": 0.9,
    "one_over_f_amplitude": 5e-06,
    "thermal_population": 0.02,
    "classical_delay": 5.000000000000001e-07,
    "classical_delay_ns": 500,
    "systematic_over_rotation": 0.001
  },
  "simulation_config": {
    "noise_sources": [
      "thermal",
      "depolarizing",
      "crosstalk",
      "leakage",
      "1f",
      "spam",
      "coherent",
      "collective"
    ],
    "protocol_type": "measurement-based (4-branch density matrix)",
    "test_states": 6,
    "parameter_sweeps": [
      "T1",
      "CNOT_error"
    ],
    "heatmap_grid": "5x5",
    "monte_carlo_max_trials": 100,
    "zne_scales": [
      1.0,
      1.5,
      2.0,
      2.5,
      3.0
    ],
    "mean_fidelity": 0.9237600239184333,
    "bootstrap_ci_95": [
      0.9354374009122881,
      0.9357879136768965
    ]
  },
  "total_exported_files": 11
}