{
  "backend": "ibm_torino",
  "shots": 8192,
  "num_qubits_backend": 133,
  "mean_fidelity": 0.94525146484375,
  "std_fidelity": 0.006137094319047261,
  "job_id": "d697i4lbujdc73d1s300",
  "results": [
    {
      "input_name": "|0>",
      "fidelity": 0.9523925781249997,
      "purity": 0.9116861820220941,
      "tomo_counts": {
        "X": {
          "0": 3824,
          "1": 4368
        },
        "Y": {
          "0": 4022,
          "1": 4170
        },
        "Z": {
          "0": 7802,
          "1": 390
        }
      },
      "density_matrix_real": [
        [
          0.9523925781249997,
          -0.03320312499999999
        ],
        [
          -0.033203124999999986,
          0.047607421874999986
        ]
      ],
      "density_matrix_imag": [
        [
          0.0,
          0.009033203124999998
        ],
        [
          -0.009033203124999998,
          0.0
        ]
      ]
    },
    {
      "input_name": "|1>",
      "fidelity": 0.9450683593750003,
      "purity": 0.8964283466339118,
      "tomo_counts": {
        "X": {
          "0": 4170,
          "1": 4022
        },
        "Y": {
          "0": 4040,
          "1": 4152
        },
        "Z": {
          "0": 450,
          "1": 7742
        }
      },
      "density_matrix_real": [
        [
          0.05493164062500001,
          0.009033203125000002
        ],
        [
          0.009033203125000003,
          0.9450683593750003
        ]
      ],
      "density_matrix_imag": [
        [
          0.0,
          0.006835937500000001
        ],
        [
          -0.006835937500000002,
          0.0
        ]
      ]
    },
    {
      "input_name": "|+>",
      "fidelity": 0.9505615234374998,
      "purity": 0.9073622822761536,
      "tomo_counts": {
        "X": {
          "0": 7787,
          "1": 405
        },
        "Y": {
          "0": 4023,
          "1": 4169
        },
        "Z": {
          "0": 4296,
          "1": 3896
        }
      },
      "density_matrix_real": [
        [
          0.5244140625,
          0.4505615234375
        ],
        [
          0.4505615234375,
          0.47558593749999994
        ]
      ],
      "density_matrix_imag": [
        [
          0.0,
          0.0089111328125
        ],
        [
          -0.0089111328125,
          0.0
        ]
      ]
    },
    {
      "input_name": "|->",
      "fidelity": 0.9466552734374998,
      "purity": 0.9010477960109708,
      "tomo_counts": {
        "X": {
          "0": 437,
          "1": 7755
        },
        "Y": {
          "0": 4271,
          "1": 3921
        },
        "Z": {
          "0": 4291,
          "1": 3901
        }
      },
      "density_matrix_real": [
        [
          0.5238037109375,
          -0.44665527343749994
        ],
        [
          -0.44665527343749994,
          0.47619628906249994
        ]
      ],
      "density_matrix_imag": [
        [
          0.0,
          -0.0213623046875
        ],
        [
          0.021362304687500003,
          0.0
        ]
      ]
    },
    {
      "input_name": "|+i>",
      "fidelity": 0.9434814453124996,
      "purity": 0.8939261734485624,
      "tomo_counts": {
        "X": {
          "0": 4200,
          "1": 3992
        },
        "Y": {
          "0": 7729,
          "1": 463
        },
        "Z": {
          "0": 4188,
          "1": 4004
        }
      },
      "density_matrix_real": [
        [
          0.5112304687499999,
          0.012695312499999983
        ],
        [
          0.012695312499999983,
          0.4887695312499999
        ]
      ],
      "density_matrix_imag": [
        [
          0.0,
          -0.44348144531249994
        ],
        [
          0.4434814453125,
          0.0
        ]
      ]
    },
    {
      "input_name": "|-i>",
      "fidelity": 0.9333496093749999,
      "purity": 0.87602773308754,
      "tomo_counts": {
        "X": {
          "0": 3975,
          "1": 4217
        },
        "Y": {
          "0": 546,
          "1": 7646
        },
        "Z": {
          "0": 4112,
          "1": 4080
        }
      },
      "density_matrix_real": [
        [
          0.5019531250000001,
          -0.014770507812499958
        ],
        [
          -0.014770507812499958,
          0.498046875
        ]
      ],
      "density_matrix_imag": [
        [
          0.0,
          0.43334960937500006
        ],
        [
          -0.4333496093750001,
          0.0
        ]
      ]
    }
  ]
}
