noise_model,fidelity
ideal,1.0
markovian_only,0.9826588429105817
depolarizing_only,0.990402342839015
comprehensive,0.9356146798205768
